stock,date,headline,source
TCS,2025-12-12T03:16:56Z,Tata Power shares in focus as company wins transmission project LoI worth Rs 156 crore,The Times of India
TCS,2025-12-11T15:20:32Z,European Stocks Gain With Rotation Into Economy-Linked Sectors,Financial Post
TCS,2025-12-11T13:58:08Z,Intel CEO pushes talent reclaim; Harness' $240mn fundraise,The Times of India
TCS,2025-12-11T08:51:40Z,CNBC's Inside India newsletter: India's $3.3 trillion opportunity for global fund houses,CNBC
TCS,2025-12-11T02:46:08Z,Big tech bets big on AI - but can India keep pace in the global race?,BBC News
TCS,2025-12-10T20:51:25Z,TCS To Acquire US Salesforce Consulting Firm Coastal Cloud For $700 Million,Ndtvprofit.com
TCS,2025-12-10T17:03:55Z,TCS to acquire Coastal Cloud for $700 million,BusinessLine
TCS,2025-12-10T05:06:28Z,"3 excellent ASX ETFs to buy with $3,000 in December",Motley Fool Australia
TCS,2025-12-10T03:18:19Z,Microsoft to spend $17.5B on AI infrastructure to support India’s AI ambitions,SiliconANGLE News
TCS,2025-12-10T01:01:51Z,"Stock Market Highlights 10th December 2025: Sensex, Nifty extend losses for 3rd day as fag-end selloff erases gains",BusinessLine
TCS,2025-12-08T13:28:52Z,H-1B shuts out Indian IT; Meesho's listing gains,The Times of India
TCS,2025-12-08T00:19:07Z,"Will Nifty break past 26,350 for a fresh rally this week?",The Times of India
TCS,2025-12-04T00:30:00Z,OpenAI strives for Tata hand to grow footprint in India,The Times of India
TCS,2025-11-25T03:43:07Z,India's ‘AI losers’ just made investors richer by Rs 2.6 lakh crore & nobody saw the boom coming,The Times of India
TCS,2025-11-24T05:37:14Z,"Infosys, Tech Mahindra, HCL Tech, TCS shares rise up to 3%. Here’s why",The Times of India
TCS,2025-11-24T01:13:41Z,"Stocks in news: IndiGo, TCS, Tata Power, Kotak Bank, Adani Green",The Times of India
TCS,2025-11-22T01:56:14Z,Top tech and startup stories this week,The Times of India
TCS,2025-11-21T01:30:00Z,"Top Business & Market Headlines Today — BL Morning Report, Nov 21, 2025",BusinessLine
TCS,2025-11-21T00:30:00Z,"TCS joins AI, data centre rush with $2 billion TPG alliance, draws gigawatt-scale plans",The Times of India
TCS,2025-11-20T13:35:35Z,Tata Digital overhaul; TCS-TPG data centre JV,The Times of India
TCS,2025-11-20T12:00:09Z,"TCS, TPG join forces in Rs 18,000 cr AI data centre play",The Times of India
TCS,2025-11-20T09:30:12Z,ET Exclusive: TCS looks to rope in TPG for $2 billion AI data centre JV,The Times of India
TCS,2025-11-20T09:30:12Z,ET Exclusive: TCS looks to rope in TPG for $2 billion AI data centre JV,The Times of India
TCS,2025-11-20T02:28:50Z,"Five Stocks To Buy: Coforge, TCS, Ramky Infrastructure, Punjab National Bank, BSE",Ndtvprofit.com
TCS,2025-11-19T10:17:31Z,"Market Wrap: Sensex climbs 513 Points, Nifty reclaims 26,000 as D-St shakes off early weakness on IT strength",The Times of India
TCS,2025-11-19T08:56:09Z,"Amazon, Google Named by EU Among ‘Critical’ Tech Providers for Finance Industry",Insurance Journal
TCS,2025-11-19T07:17:56Z,"IT stocks power market rebound: Sensex jumps 554 pts intraday, Nifty crosses 26,000",BusinessLine
TCS,2025-11-19T04:37:30Z,"Amazon, Google, TCS named by EU among 'critical' tech providers for finance industry",BusinessLine
TCS,2025-11-19T03:02:59Z,Equity benchmarks to open flat on subdued global sentiment,BusinessLine
TCS,2025-11-19T01:02:48Z,"Stock Market Highlights 19 Nov 2025: Stock markets rebound on buying in IT counter; Sensex jumps over 513 points, NIfty 50 climbed 142.60 points to 26,052.65",BusinessLine
TCS,2025-11-18T19:56:15Z,"Amazon, Google named by EU among 'critical' tech providers for finance industry",iTnews
TCS,2025-11-18T19:55:21Z,"Amazon, Google named by EU among 'critical' tech providers for finance industry",iTnews
TCS,2025-11-18T19:51:30Z,"Amazon, Google named by EU among 'critical' tech providers for finance industry",iTnews
TCS,2025-11-18T19:50:50Z,"Amazon, Google named by EU among 'critical' tech providers for finance industry",iTnews
TCS,2025-11-18T19:50:41Z,"Amazon, Google named by EU among 'critical' tech providers for finance industry",iTnews
TCS,2025-11-18T17:25:48Z,"Amazon, Google named by EU among 'critical' tech providers for finance industry",The Times of India
TCS,2025-11-18T17:22:49Z,"Amazon, Google named by EU among 'critical' tech providers for finance industry",Yahoo Entertainment
TCS,2025-11-18T10:03:27Z,Will the IT Sector See Growth in 2026? Here Is What Macquarie's Ravi Menon Has To Say,Ndtvprofit.com
TCS,2025-11-18T00:59:54Z,"Share Market Highlights 18 November 2025: Stock markets halt 6-day rally; Nifty ends below 26,000-mark on profit taking, Sensex dropped by nearly 278 points",BusinessLine
TCS,2025-11-17T13:29:56Z,Groww enters Rs 1 lakh crore club; Ecomm looks for AI edge,The Times of India
TCS,2025-11-17T03:37:37Z,"From Ola to BSE and Tata stocks: Retail investors bet Rs 18,000 crore on these 10 stocks",The Times of India
RELIANCE,2025-12-14T04:09:35Z,"Hong Kong, India fuel blockbuster year for Asia fundraising",Bloomberg
RELIANCE,2025-12-14T03:24:24Z,"Hong Kong, India fuel blockbuster year for Asia fundraising",Livemint
RELIANCE,2025-12-13T16:40:42Z,"Zomato, LIC, Hyundai to Lenskart: The good, bad and ugly of IPOs over last five years",BusinessLine
RELIANCE,2025-12-13T16:40:42Z,"From Zomato, PB Fintech and Paytm in 2021 to Groww, Lenskart and Meesho in 2025: The good, bad and ugly of IPOs over last five years",BusinessLine
RELIANCE,2025-12-13T08:44:56Z,EU fishing quota agreement 'catastrophic' for Ireland,RTE
RELIANCE,2025-12-12T14:00:00Z,Channels and countermeasures of the COVID-19 pandemic’s impact on urban economic resilience: Lessons from China,Plos.org
RELIANCE,2025-12-12T13:38:06Z,A Short History of the ‘Nonbinary Barista’,Autostraddle.com
RELIANCE,2025-12-12T12:16:00Z,Enwex U.K. Onshore Wind Futures Now Live for Trading on Abaxx Exchange,GlobeNewswire
RELIANCE,2025-12-12T00:44:00Z,"Day Trading Guide for December 12, 2025: Intraday supports, resistances for Nifty50 stocks",BusinessLine
RELIANCE,2025-12-11T21:06:03Z,"Datavault AI Inc. (NASDAQ: DVLT) Announces a Distribution Date of Dec. 24, 2025, for the Dream Bowl Meme Coin Tokens to All Eligible Record Equity Holders of Datavault AI and Holders of Common Stock of Scilex Holding Company",Financial Post
RELIANCE,2025-12-11T21:05:00Z,"Datavault AI Inc. (NASDAQ: DVLT) Announces a Distribution Date of Dec. 24, 2025, for the Dream Bowl Meme Coin Tokens to All Eligible Record Equity Holders of Datavault AI and Holders of Common Stock of Scilex Holding Company",GlobeNewswire
RELIANCE,2025-12-11T21:05:00Z,"Datavault AI Inc. (NASDAQ: DVLT) Announces a Distribution Date of Dec. 24, 2025, for the Dream Bowl Meme Coin Tokens to All Eligible Record Equity Holders of Datavault AI and Holders of Common Stock of Scilex Holding Company",GlobeNewswire
RELIANCE,2025-12-11T20:15:00Z,"Tevogen CEO Supports Local Law Enforcement with Personal Contribution of 230,000 Company’s Shares of Common Stock",GlobeNewswire
RELIANCE,2025-12-11T13:30:00Z,Saratoga Investment Corp. Declares Dividend of $0.75 Per Share for the Fourth Quarter of Fiscal 2026; Paid in Monthly Dividends of $0.25 Per Share,GlobeNewswire
RELIANCE,2025-12-11T11:00:00Z,Hooker Furnishings Reports Fiscal 2026 Third Quarter Results,GlobeNewswire
RELIANCE,2025-12-11T00:46:57Z,Large caps set to deliver; annual market returns could be 12-14%: Raamdeo Agrawal,The Times of India
RELIANCE,2025-12-10T21:05:00Z,"Oxford: Owner of Tommy Bahama, Lilly Pulitzer and Johnny Was Reports Third Quarter Results",GlobeNewswire
RELIANCE,2025-12-10T16:37:28Z,Checks and the Digital Push: Is There Room for Paper?,pymnts.com
RELIANCE,2025-12-10T15:32:48Z,Ahead of Market: 10 things that will decide stock market action on Thursday,The Times of India
RELIANCE,2025-12-10T14:35:00Z,RedCloud Signs Joint Venture To Transform $166Bn Turkish FMCG Market,GlobeNewswire
RELIANCE,2025-12-10T13:00:00Z,ScanTech AI Systems Strengthens Strategic Leadership to Accelerate Growth and Global Commercial Execution with Appointment of Michael D.P. Cavanaugh to Board of Directors,GlobeNewswire
RELIANCE,2025-12-10T12:00:00Z,PyroGenesis Announces “Fine Cut” Titanium Powder Contract with U.S. Additive Manufacturing Company,GlobeNewswire
RELIANCE,2025-12-10T11:10:05Z,Stock Index Futures Muted Amid Caution Ahead of Fed Rate Decision,Barchart.com
RELIANCE,2025-12-10T06:00:00Z,Aegon Capital Markets Day 2025 – The Next Frontier,GlobeNewswire
RELIANCE,2025-12-10T04:00:53Z,"Sensex jumps 200 pts, Nifty above 25,850 ahead of Fed rate decision",The Times of India
RELIANCE,2025-12-10T03:18:19Z,Microsoft to spend $17.5B on AI infrastructure to support India’s AI ambitions,SiliconANGLE News
RELIANCE,2025-12-10T01:01:51Z,"Stock Market Highlights 10th December 2025: Sensex, Nifty extend losses for 3rd day as fag-end selloff erases gains",BusinessLine
RELIANCE,2025-12-09T19:57:36Z,Oddity Tech Ltd. (ODD): A Bear Case Theory,Yahoo Entertainment
RELIANCE,2025-12-09T17:00:00Z,TechnoVision: Top 5 Tech Trends to Watch in 2026,GlobeNewswire
RELIANCE,2025-12-09T16:03:36Z,Ahead of Market: 10 things that will decide stock market action on Wednesday,The Times of India
RELIANCE,2025-12-09T12:45:00Z,"ZenaTech Enters UK Market Closing Drone-as-a-Service Acquisition of Casado Design Ltd., Expanding to the Growing Telecom Tower Design and Infrastructure Sector",GlobeNewswire
RELIANCE,2025-12-09T12:00:00Z,Lantronix to Launch New Edge AI Solutions at CES 2026,GlobeNewswire
RELIANCE,2025-12-09T01:07:36Z,"Stock Market Highlights 9 December 2025: Sensex ended 436.41 pts or 0.51% lower at 84,666.28, and Nifty 50 fell by 120.90 pts or 0.47% to 25,839.65.",BusinessLine
RELIANCE,2025-12-08T15:48:19Z,Ahead of Market: 10 things that will decide stock market action on Tuesday,The Times of India
RELIANCE,2025-12-08T14:00:00Z,Xanadu Expands Partnership with A*STAR to Advance Photonic Quantum Computing,GlobeNewswire
RELIANCE,2025-12-08T13:45:00Z,Global AI-Powered Humanoid Robots Market Size Expected to Reach $7.73 Billion as Engineering Drastically Improves,GlobeNewswire
RELIANCE,2025-12-08T13:30:00Z,Mamdani’s Plans Rely on New York’s Wealthiest,The Atlantic
RELIANCE,2025-12-08T13:00:00Z,ReserveOne Announces Filing of Registration Statement on Form S-4 with the SEC for Proposed Business Combination with M3-Brigade Acquisition V Corp.,GlobeNewswire
RELIANCE,2025-12-08T12:00:00Z,PyroGenesis Confirms Half-Tonne Order for Immediate Delivery of Titanium Metal Powder,GlobeNewswire
RELIANCE,2025-12-08T11:49:00Z,Blackboxstocks Inc. Merger Target REalloys Enters into Historic Partnership with the SRC to Establish North America’s First Commercial-Scale Heavy Rare Earth Production,GlobeNewswire
RELIANCE,2025-12-08T06:00:00Z,Google and Amazon enter the AI chip arena: Can Nvidia maintain its dominance?,Naturalnews.com
RELIANCE,2025-12-07T12:59:03Z,"Animal Health Market Size, Leaders, Insights & Regions 2026-2033",Linkedin.com
RELIANCE,2025-12-07T04:49:37Z,"Nifty at 26K, but why is your stock portfolio bleeding?",The Times of India
RELIANCE,2025-12-07T02:15:51Z,Economic Digest: Nepal’s Business News in a Snap,Khabarhub.com
RELIANCE,2025-12-06T16:17:19Z,Can value funds deliver in a growth & quality driven market?,BusinessLine
RELIANCE,2025-12-06T06:00:00Z,Crony Capitalism: Trump Administration taking equity stakes in critical mineral companies to compete with China,Naturalnews.com
RELIANCE,2025-12-05T23:05:00Z,What is multi-access edge computing? Benefits and use cases,Techtarget.com
RELIANCE,2025-12-05T22:00:00Z,Electric Motor Market Set to Triple by 2032,OilPrice.com
RELIANCE,2025-12-05T21:14:00Z,ProCap BTC and Columbus Circle Capital Corp I Complete Business Combination,GlobeNewswire
RELIANCE,2025-12-05T13:02:00Z,"XBP Global Holdings, Inc. Announces 1-for-10 Reverse Stock Split",GlobeNewswire
RELIANCE,2025-12-05T13:00:00Z,"Lelantos Holdings Engages Aloba, Awomolo & Partners as PCAOB-Approved Auditor to Support Planned Uplift to OTCQB",GlobeNewswire
RELIANCE,2025-12-05T12:11:15Z,BEML to jointly develop marine cranes with South Korea’s HD Hyundai,The Times of India
RELIANCE,2025-12-05T04:01:00Z,Netflix to Acquire Warner Bros. Following the Separation of Discovery Global for a Total Enterprise Value of $82.7 Billion (Equity Value of $72.0 Billion),Thefutoncritic.com
RELIANCE,2025-12-05T00:00:00Z,Africa’s Croesus Aliko Dangote inspired by Reliance; now seeks to rival Jamnagar refinery,The Times of India
RELIANCE,2025-12-04T22:15:00Z,"MEDIROM Mother Labs Partners with TD SYNNEX to Accelerate National Adoption of ""MOTHER Bracelet"" and ""REMONY""",GlobeNewswire
RELIANCE,2025-12-04T18:39:46Z,"Lemonade, Inc. (LMND): A Bull Case Theory",Yahoo Entertainment
RELIANCE,2025-12-04T14:00:00Z,Decoding brand sentiments: Leveraging customer reviews for insightful brand perception analysis using natural language processing and Tableau,Plos.org
RELIANCE,2025-12-04T12:35:00Z,ZenaTech Expands Drone as a Service to Australia with Offer to Acquire a Survey Firm Serving Government and Natural Resources and Commercial Sectors,Financial Post
RELIANCE,2025-12-04T12:30:00Z,ZenaTech Expands Drone as a Service to Australia with Offer to Acquire a Survey Firm Serving Government and Natural Resources and Commercial Sectors,GlobeNewswire
RELIANCE,2025-12-04T01:13:07Z,"Share Market Highlights: Markets end marginally higher; Sensex closes at 85,265, Nifty at 26,034",BusinessLine
RELIANCE,2025-12-04T01:07:00Z,Columbus Circle Capital Corp I Shareholders Approve Business Combination with ProCap BTC,GlobeNewswire
RELIANCE,2025-12-04T00:30:00Z,OpenAI strives for Tata hand to grow footprint in India,The Times of India
RELIANCE,2025-12-04T00:02:58Z,The New Wealth of Nations,Foreign Policy
RELIANCE,2025-12-03T22:03:39Z,Descartes Announces Fiscal 2026 Third Quarter Financial Results,Financial Post
RELIANCE,2025-12-03T22:00:00Z,Descartes Announces Fiscal 2026 Third Quarter Financial Results,GlobeNewswire
RELIANCE,2025-12-03T15:38:32Z,"Policy alignment key to unlocking private investment, says Sanjiv Bajaj, CII",BusinessLine
RELIANCE,2025-12-03T12:00:00Z,PyroGenesis Signs $1.3 Million Energy Transition Contract,GlobeNewswire
RELIANCE,2025-12-03T08:12:18Z,Ex-Flipkart executive Jeyandran Venugopal named CEO of Reliance Retail Ventures,Livemint
RELIANCE,2025-12-03T01:34:16Z,"Share Market Highlights: Sensex, Nifty end flat; rupee hits record closing low",BusinessLine
RELIANCE,2025-12-03T00:50:00Z,"Day Trading Guide for December 3, 2025: Intraday supports, resistances for Nifty50 stocks",BusinessLine
RELIANCE,2025-12-02T15:51:46Z,Jio-Facebook deal: SC dismisses RIL’s plea against SAT decision to uphold SEBI penalty,BusinessLine
RELIANCE,2025-12-02T14:44:44Z,Jio-Facebook deal: SC rejects RIL's plea against SAT order imposing Rs 30 lakh fine,The Times of India
RELIANCE,2025-12-02T13:32:23Z,Eagle Energy Metals Strengthens Leadership Team Ahead of Planned Nasdaq Listing,Financial Post
RELIANCE,2025-12-02T13:30:00Z,KraneShares Humanoid ETF (KOID) Joins LPL Financial’s No-Transaction-Fee Platform,GlobeNewswire
RELIANCE,2025-12-02T13:30:00Z,Eagle Energy Metals Strengthens Leadership Team Ahead of Planned Nasdaq Listing,GlobeNewswire
RELIANCE,2025-12-02T13:15:00Z,"GlobalTech Corporation Enters Into Definitive Agreement to Acquire Moda in Pelle, to Deliver a Boost to its Operations",GlobeNewswire
RELIANCE,2025-12-02T11:58:34Z,"Sensex crashes 504 points as FIIs dump ₹6,000 crore; Rupee hits all-time low – Asian News Hub",Asiannewshub.com
RELIANCE,2025-12-02T10:00:00Z,Here Announces Unaudited Financial Results for the First Quarter of Fiscal Year 2026,GlobeNewswire
RELIANCE,2025-12-02T08:38:53Z,SC upholds penalty on Reliance over delayed disclosure in Jio-Facebook deal,Livemint
RELIANCE,2025-12-02T08:26:33Z,SC dismisses Reliance’s plea against Rs 30 lakh fine imposed by Sebi over ‘delay’ in disclosing Jio-Facebook deal,The Indian Express
RELIANCE,2025-12-02T06:45:19Z,Jio-Facebook deal: SC rejects plea of RIL against ₹30 lakh SEBI fine,BusinessLine
RELIANCE,2025-12-02T03:10:59Z,A new metric of riches: Ranking rich Indians who are making others wealthy,The Times of India
RELIANCE,2025-12-02T00:19:00Z,"Mullen Group Ltd. Announces the Completion of the Redemption of its 5.75% Convertible Unsecured Subordinated Debentures due November 30, 2026",GlobeNewswire
RELIANCE,2025-12-01T21:30:00Z,"Precision Aerospace & Defense Group, Inc. to Combine with FACT II Acquisition Corp. to Become Publicly Listed Company",GlobeNewswire
RELIANCE,2025-12-01T15:38:04Z,Ahead of Market: 10 things that will decide stock market action on Tuesday,The Times of India
RELIANCE,2025-12-01T13:45:00Z,Yorkville Acquisition Corp. “MCGA” Announces CEO and CFO Appointments for Trump Media Group CRO Strategy,GlobeNewswire
RELIANCE,2025-12-01T13:06:00Z,"Yorkville Acquisition Corp., Trading as $MCGA, Marks Next Step Towards Completing Business Combination",GlobeNewswire
RELIANCE,2025-12-01T12:30:00Z,Beyond Oil Reports Financial Results for the Third Quarter of 2025,GlobeNewswire
RELIANCE,2025-12-01T05:28:25Z,Reliance’s 4th monetisation wave: Is Ambani’s $80 billion post-Covid capex about to pay off in 2026?,The Times of India
RELIANCE,2025-11-30T17:24:00Z,"Ellomay Capital Reports Publication of Financial Statements of Dorad Energy Ltd. as of and for the Three and Nine Months Ended September 30, 2025",GlobeNewswire
RELIANCE,2025-11-28T14:00:00Z,"Vivakor Announces Special Shareholder Meeting to be Held on December 22, 2025",GlobeNewswire
RELIANCE,2025-11-28T06:54:18Z,Reliance Industries shares jump to fresh 52-week high as Jefferies projects 14% upside on earnings momentum,The Times of India
RELIANCE,2025-11-28T05:33:02Z,Reliance Industries Shares Hit 16-Month High After Jefferies Hikes Target Price,Ndtvprofit.com
RELIANCE,2025-11-28T04:00:48Z,"Sensex up over 50 pts, Nifty holds above 26,200 as D-St hovers near record high levels",The Times of India
RELIANCE,2025-11-28T02:41:54Z,"Stock Picks Today: IT Sector, Lenskart, RIL, Hero Moto, LIC And More On Brokerages' Radar",Ndtvprofit.com
RELIANCE,2025-11-28T01:31:12Z,Analysts see bullish trend intact as Nifty hits record high. What should investors do?,The Times of India
RELIANCE,2025-11-27T22:49:00Z,Keysight Technologies' Surge: The Market Wakes Up to This AI Play,MarketBeat
RELIANCE,2025-11-27T18:37:02Z,Whirlpool offloads 11.2% stake in Indian unit through bulk deals,The Times of India
RELIANCE,2025-11-27T08:13:25Z,Gemini 3 Shook OpenAI To Its Core : Pushing OpenAI to Rethink Its Path,Geeky Gadgets
RELIANCE,2025-11-27T06:45:21Z,"GMDC shares rise for third straight session, up 7% on government rare earth incentive",The Times of India
HDFCBANK,2025-12-14T10:45:32Z,Ahead of Market: 10 things that will decide stock market action on Monday,The Times of India
HDFCBANK,2025-12-14T07:48:46Z,"Mutual Funds Bought Zomato, ITC, HDFC Bank, Nykaa; Sold GMR Airports, SBI In November",Ndtvprofit.com
HDFCBANK,2025-12-14T04:33:53Z,Shivganga Drillers files papers with Sebi for Rs 400-cr IPO,The Times of India
HDFCBANK,2025-12-13T16:28:10Z,ICICI Prudential AMC: Should you invest in the IPO?,BusinessLine
HDFCBANK,2025-12-13T09:18:29Z,Shivganga Drillers files papers with Sebi for Rs 400-cr IPO,The Times of India
HDFCBANK,2025-12-13T03:55:39Z,Bitcoin hoarding company Strategy remains in Nasdaq 100,The Times of India
HDFCBANK,2025-12-13T02:07:00Z,"Fed cut boosts D-Street even as rupee, trade worries persist",The Times of India
HDFCBANK,2025-12-13T02:02:24Z,Sebi mandates 2 new EDs to strengthen MIIs,The Times of India
HDFCBANK,2025-12-12T19:01:52Z,"Shiprocket files UDRHP for Rs 2,342-crore IPO",The Times of India
HDFCBANK,2025-12-12T14:34:54Z,"Credit demand climbs to 11.5% as deposits lag, RBI data shows",The Times of India
HDFCBANK,2025-12-12T13:22:03Z,ESAF Small Finance Bank sells Rs 1700 cr bad loans to ARC for balance sheet clean-up,The Times of India
HDFCBANK,2025-12-12T12:18:37Z,Brookfield to invest $1 billion to develop Asia’s largest GCC in Mumbai’s Powai,The Times of India
HDFCBANK,2025-12-12T11:40:52Z,"ICICI Prudential AMC IPO Day 1: Issues sees over 50% subscription. Check GMP, brokerage views & key highlights",The Times of India
HDFCBANK,2025-12-12T10:21:00Z,"Market Wrap: Sensex adds 450 pts, Nifty above 26,000 in Fed-driven market bounce",The Times of India
HDFCBANK,2025-12-12T09:39:30Z,Ashiana Housing MD Vishal Gupta elected president of CREDAI-NCR,The Times of India
HDFCBANK,2025-12-12T09:34:33Z,"Satya Group, Maple to invest Rs 1,600 cr to build Gurugram housing project",The Times of India
HDFCBANK,2025-12-12T09:16:32Z,"JSW Energy to raise up to Rs 10,000 crore, names new CFO",The Times of India
HDFCBANK,2025-12-12T07:50:23Z,AI bellwether Broadcom shares fall 5% a day after results,The Times of India
HDFCBANK,2025-12-12T06:56:34Z,"China Vanke seeks one-year extension on second onshore bond, sources say",The Times of India
HDFCBANK,2025-12-12T03:45:16Z,"Rupee sinks to new low of 90.51 as US trade gridlock, outflows bite",The Times of India
HDFCBANK,2025-12-12T02:36:56Z,"ICICI Prudential AMC garners ₹3,022 crore from anchor investors; IPO to open today",BusinessLine
HDFCBANK,2025-12-12T00:49:10Z,Is ICICI Pru AMC’s IPO a compelling bet for investors with a high-risk appetite and a long-term horizon?,The Times of India
HDFCBANK,2025-12-12T00:44:00Z,"Day Trading Guide for December 12, 2025: Intraday supports, resistances for Nifty50 stocks",BusinessLine
HDFCBANK,2025-12-12T00:41:00Z,Pre-market action: Here's the trade setup for today's session,The Times of India
HDFCBANK,2025-12-12T00:09:55Z,Oracle's 14.4% plunge weighs on Wall Street,The Times of India
HDFCBANK,2025-12-11T19:09:39Z,Kotak Bank eyes mid-market loans amid slow big-corp demand,The Times of India
HDFCBANK,2025-12-11T15:27:58Z,Ahead of Market: 10 things that will decide stock market action on Friday,The Times of India
HDFCBANK,2025-12-11T15:10:41Z,J.P. Morgan harnesses blockchain for debt issuance amid digital asset adoption boost,The Times of India
HDFCBANK,2025-12-11T12:54:44Z,"HUDCO raises Rs 1,905 crore at 6.98% amidst volatile bond market",The Times of India
HDFCBANK,2025-12-11T12:18:45Z,Motilal Oswal names 30 potential multibagger stocks in India's journey to $16 trillion economy,The Times of India
HDFCBANK,2025-12-11T10:32:27Z,India RBI buys $5.5 billion of bonds at first auction since May,The Times of India
HDFCBANK,2025-12-11T10:24:02Z,"Market Wrap: Sensex rises 427 pts, Nifty above 25,850 as D-St breaks 3-day slide after Fed cut",The Times of India
HDFCBANK,2025-12-11T08:54:52Z,European shares edged lower as tech declines outweigh Fed relief,The Times of India
HDFCBANK,2025-12-11T08:28:50Z,Rupee hits record low of 90.46 vs USD; RBI likely intervenes to limit losses,The Times of India
HDFCBANK,2025-12-11T05:36:39Z,Fed’s rate cut well received by global markets: Mitul Kotecha,The Times of India
HDFCBANK,2025-12-11T04:30:22Z,Prudential sells 4.5% stake in Indian asset management JV for $545 million ahead of IPO,BusinessLine
HDFCBANK,2025-12-11T04:15:49Z,Prudential sells 4.5% stake in Indian asset management JV for $545 million ahead of IPO,The Times of India
HDFCBANK,2025-12-11T04:03:01Z,"Sensex jumps over 50 points, Nifty above 25,750 after US Fed rate cut",The Times of India
HDFCBANK,2025-12-11T03:30:00Z,"India’s thali costs fall sharply on cheaper vegetables, pulses; prices likely to stay soft until March: Pushan Sharma, Crisil",The Times of India
HDFCBANK,2025-12-11T02:15:32Z,"Bharat Rasayan’s 1:1 bonus issue, 1:2 stock split record date approaches. What it means for shareholders",The Times of India
HDFCBANK,2025-12-11T01:30:53Z,Amazon ups India ante; Swiggy QIP in demand,The Times of India
HDFCBANK,2025-12-11T01:18:28Z,Pre-market action: Here's the trade setup for today's session,The Times of India
HDFCBANK,2025-12-11T00:46:57Z,Large caps set to deliver; annual market returns could be 12-14%: Raamdeo Agrawal,The Times of India
HDFCBANK,2025-12-11T00:20:58Z,"Wakefit Subscribed 2.52 times, Corona IPO 137 times on last day",The Times of India
HDFCBANK,2025-12-11T00:16:06Z,"TotalEnergies divests Adani Green shares worth Rs 2,778 cr",The Times of India
HDFCBANK,2025-12-10T15:34:25Z,"RBI sets Rs 12,801 as redemption price for SGBs",The Times of India
HDFCBANK,2025-12-10T15:32:48Z,Ahead of Market: 10 things that will decide stock market action on Thursday,The Times of India
HDFCBANK,2025-12-10T13:43:25Z,Sebi relaxes re-KYC process for NRIs; removes physical presence clause,The Times of India
HDFCBANK,2025-12-10T13:35:46Z,"Bank of India raises Rs 2,500 cr from Tier II bonds",The Times of India
HDFCBANK,2025-12-10T13:33:43Z,"One bitcoin bull has cut their forecast as ""cold breeze"" blows",The Times of India
HDFCBANK,2025-12-10T10:28:17Z,Vietnam raises $302 million in government bond auction,The Times of India
HDFCBANK,2025-12-10T10:15:05Z,"IPO verdict: Meesho has levers, Aequs has margins, Vidya Wires needs time, says Sunny Agrawal",The Times of India
HDFCBANK,2025-12-10T08:50:52Z,"Hindalco, Tata Steel lift metals as HDFC Bank, IndiGo drag markets in volatile session",BusinessLine
HDFCBANK,2025-12-10T06:49:32Z,US stock market in 2025: A volatile year led by tech and AI,The Times of India
HDFCBANK,2025-12-10T05:33:05Z,Edelweiss to tap small-town India in race to capture new wealth,Bloomberg
HDFCBANK,2025-12-10T05:19:13Z,Jefferies adds 6 stocks for 2026 in latest portfolio revamp. How many do you own?,Economictimes.com
HDFCBANK,2025-12-10T05:06:28Z,"3 excellent ASX ETFs to buy with $3,000 in December",Motley Fool Australia
HDFCBANK,2025-12-10T05:01:54Z,"Record high for Nifty, but 3 out of 5 stocks nowhere near record high. What’s the play for investors?",The Times of India
HDFCBANK,2025-12-10T04:35:28Z,IndiGo faces turbulence ahead; Kaynes Tech emerges as value buy after 50% crash: Sudip Bandyopadhyay,The Times of India
HDFCBANK,2025-12-10T03:44:46Z,"Nalco, Dilip Buildcon shares in focus after securing Rs 423/ton, 25-year mining contract",The Times of India
HDFCBANK,2025-12-10T03:18:19Z,Microsoft to spend $17.5B on AI infrastructure to support India’s AI ambitions,SiliconANGLE News
HDFCBANK,2025-12-10T02:24:03Z,Shri Kanha Stainless shares to list today. Check GMP ahead of debut,The Times of India
HDFCBANK,2025-12-10T01:13:37Z,Can Park Medi World’s IPO deliver long-term returns for high-risk investors?,The Times of India
HDFCBANK,2025-12-10T01:01:51Z,"Stock Market Highlights 10th December 2025: Sensex, Nifty extend losses for 3rd day as fag-end selloff erases gains",BusinessLine
HDFCBANK,2025-12-10T00:50:08Z,Sebi gets power to directly remove false stock content,The Times of India
HDFCBANK,2025-12-10T00:41:00Z,Pre-market action: Here's the trade setup for today's session,The Times of India
HDFCBANK,2025-12-10T00:38:31Z,Amit Rathi offloads Anand Rathi Wealth shares worth Rs 560 cr,The Times of India
HDFCBANK,2025-12-09T16:53:30Z,Finance Ministry increases foreign investment limit in AU Small Finance Bank to 74%,The Times of India
HDFCBANK,2025-12-09T16:45:05Z,Two former Brightcom Group officials settle with Sebi in financial reporting case,The Times of India
HDFCBANK,2025-12-09T16:03:36Z,Ahead of Market: 10 things that will decide stock market action on Wednesday,The Times of India
HDFCBANK,2025-12-09T12:59:06Z,"No evidence of rice dumping by India, says commodity expert as USTR talks begin",The Times of India
HDFCBANK,2025-12-09T11:13:36Z,Japanese investors turn net buyers of foreign bonds in November,The Times of India
HDFCBANK,2025-12-09T11:07:41Z,Indonesia raises $480.19 million in Islamic bond auction,The Times of India
HDFCBANK,2025-12-09T11:00:44Z,Ireland to issue 10-14 billion euros of bonds in 2026,The Times of India
HDFCBANK,2025-12-09T08:42:41Z,European shares flat on caution ahead of Fed's rate decision,The Times of India
HDFCBANK,2025-12-09T08:20:29Z,Euro zone government bond yields mixed before Fed policy meeting,The Times of India
HDFCBANK,2025-12-09T06:33:38Z,"Jefferies revamps 2026 portfolio: Cuts Indigo; adds BPCL, Axis Bank, 4 other stocks",The Times of India
HDFCBANK,2025-12-09T03:53:15Z,GMR Airports plans about $245 million long-term bond sale: Sources,The Times of India
HDFCBANK,2025-12-09T01:10:02Z,Pre-market action: Here's the trade setup for today's session,The Times of India
HDFCBANK,2025-12-09T01:07:36Z,"Stock Market Highlights 9 December 2025: Sensex ended 436.41 pts or 0.51% lower at 84,666.28, and Nifty 50 fell by 120.90 pts or 0.47% to 25,839.65.",BusinessLine
HDFCBANK,2025-12-09T00:47:48Z,Can Nephrocare’s IPO prove a rewarding bet for long-term investors?,The Times of India
HDFCBANK,2025-12-09T00:25:13Z,Investors flee IndiGo shares as analysts flag deepening operational fallout,The Times of India
HDFCBANK,2025-12-09T00:14:40Z,"ICICI Pru AMC IPO price band fixed at Rs 2,061-Rs 2,165, issue opens Dec 12",The Times of India
HDFCBANK,2025-12-08T19:14:51Z,"IiAS raises concerns over oversight, culture at IndiGo",The Times of India
HDFCBANK,2025-12-08T16:14:57Z,Fino Payments Bank shares plunge 11% after nod for small finance bank,The Times of India
HDFCBANK,2025-12-08T15:48:19Z,Ahead of Market: 10 things that will decide stock market action on Tuesday,The Times of India
HDFCBANK,2025-12-08T15:21:00Z,Co-branded Credit Card Market - Global Forecast 2025-2032,GlobeNewswire
HDFCBANK,2025-12-08T09:40:42Z,"Sensex, Nifty down nearly 1% as realty and PSU bank stocks tumble; IndiGo, BEL, Kaynes Tech shares slump",BusinessLine
HDFCBANK,2025-12-08T09:28:15Z,European shares slip as consumer stocks weigh; Unilever falls after Magnum demerger,The Times of India
HDFCBANK,2025-12-08T09:26:30Z,"Why stock market is falling today? Sensex crashes over 700 points, Nifty below 26,000 ahead of Fed meet. Key factors explained",The Times of India
HDFCBANK,2025-12-08T08:59:16Z,"Nifty to consolidate between 25,850–26,300 in coming weeks: Rajesh Bhosale",The Times of India
HDFCBANK,2025-12-08T04:56:52Z,"Markets open lower amid global caution; IndiGo, BEL lead decliners",BusinessLine
HDFCBANK,2025-12-08T04:35:38Z,Brokerages split on 2025 US rate path after Morgan Stanley revises outlook,The Times of India
HDFCBANK,2025-12-08T03:30:00Z,NBFCs to gain big; 25 bps RBI rate cut set to boost NIMs; LAP & home loan financiers to gain most: Shweta Daptardar,The Times of India
HDFCBANK,2025-12-08T02:26:38Z,"Riddhi Display IPO: Check GMP, price band, subscription and other details",The Times of India
HDFCBANK,2025-12-08T01:07:09Z,Pre-market action: Here's the trade setup for today's session,The Times of India
HDFCBANK,2025-12-08T00:37:38Z,China's Central Bank extends gold-buying as metal's rally cools,The Times of India
HDFCBANK,2025-12-08T00:31:50Z,Is Corona Remedies’ IPO a compelling bet for long-term wealth creation?,The Times of India
HDFCBANK,2025-12-07T04:49:37Z,"Nifty at 26K, but why is your stock portfolio bleeding?",The Times of India
HDFCBANK,2025-12-06T16:17:19Z,Can value funds deliver in a growth & quality driven market?,BusinessLine
BHARTIARTL,2025-12-12T04:29:07Z,10 stocks created Rs 46 lakh crore wealth for investors in last 5 years. Do you own any?,Economictimes.com
BHARTIARTL,2025-12-11T12:18:45Z,Motilal Oswal names 30 potential multibagger stocks in India's journey to $16 trillion economy,The Times of India
BHARTIARTL,2025-12-11T12:11:06Z,Airtel leads as India's stock market creates Rs 148 lakh crore wealth in 5 years: Motilal Oswal study,The Times of India
BHARTIARTL,2025-12-10T13:49:12Z,"ET Market Watch: Sensex, Nifty extend 3-day losing streak ahead of Fed rate decision",The Times of India
BHARTIARTL,2025-12-10T05:01:54Z,"Record high for Nifty, but 3 out of 5 stocks nowhere near record high. What’s the play for investors?",The Times of India
BHARTIARTL,2025-12-10T03:18:19Z,Microsoft to spend $17.5B on AI infrastructure to support India’s AI ambitions,SiliconANGLE News
BHARTIARTL,2025-12-09T02:22:58Z,"'Laggards Everywhere': Jefferies Resets Portfolio; Backs Axis Bank, JSW Energy And More - Check Stock Picks",Ndtvprofit.com
BHARTIARTL,2025-12-07T04:49:37Z,"Nifty at 26K, but why is your stock portfolio bleeding?",The Times of India
BHARTIARTL,2025-12-06T16:17:19Z,Can value funds deliver in a growth & quality driven market?,BusinessLine
BHARTIARTL,2025-12-02T15:43:22Z,Ahead of Market: 10 things that will decide stock market action on Wednesday,The Times of India
BHARTIARTL,2025-12-02T11:58:34Z,"Sensex crashes 504 points as FIIs dump ₹6,000 crore; Rupee hits all-time low – Asian News Hub",Asiannewshub.com
BHARTIARTL,2025-12-02T08:53:03Z,"Nifty set for fresh uptrend, says Motilal Oswal. Here are 4 catalysts, 25 stocks to buy",The Times of India
BHARTIARTL,2025-12-02T07:40:19Z,Bajaj Finance To Inox Wind: Here Are Axis Securities' Top Picks For December 2025,Ndtvprofit.com
BHARTIARTL,2025-12-01T15:38:04Z,Ahead of Market: 10 things that will decide stock market action on Tuesday,The Times of India
BHARTIARTL,2025-12-01T04:04:49Z,"Sensex, Nifty hit new highs as D-Street cheers Q2 GDP print; banking index scales 60K level",The Times of India
BHARTIARTL,2025-12-01T00:30:00Z,All You Need To Know Going Into Trade On Monday,Ndtvprofit.com
BHARTIARTL,2025-11-30T11:10:01Z,Ahead of Market: 10 things that will decide stock market action on Monday,The Times of India
BHARTIARTL,2025-11-27T16:33:00Z,T-Mobile shares holiday offer customers won't want to pass up,TheStreet
BHARTIARTL,2025-11-27T05:39:15Z,"Sensex, Nifty Hit Record Highs: Eicher Motors, Bharat Electronics Lead Gains - Check Top Contributors",Ndtvprofit.com
BHARTIARTL,2025-11-26T15:49:02Z,"Airtel promoter group entity sells 0.56% stake for Rs. 7,200 crore to institutional investors",The Times of India
BHARTIARTL,2025-11-26T07:31:46Z,"Airtel shares drop 1.5% as Mittal family offloads 0.56% stake for ₹7,193 crore",BusinessLine
BHARTIARTL,2025-11-26T07:03:55Z,"Sensex, Nifty jump 1% on global optimism, banks and metals lead broad market rally",BusinessLine
BHARTIARTL,2025-11-26T03:01:11Z,"Bharti Airtel shares in focus as promoter ICIL likely to offload Rs 7,195 crore worth stake via block deal",The Times of India
BHARTIARTL,2025-11-26T02:02:33Z,"Bharti Airtel Shares In Focus As Mittal Family To Offload Rs 7,200-Crore Worth Shares",Ndtvprofit.com
BHARTIARTL,2025-11-26T01:30:00Z,"Stock To Watch Today: Bharti Airtel, Mahindra, Zen Tech, HDFC AMC, Excelsoft Tech",Ndtvprofit.com
BHARTIARTL,2025-11-26T00:10:56Z,Sunil Mittal entity likely to divest close to 0.56% in Airtel,The Times of India
BHARTIARTL,2025-11-25T19:10:21Z,"Airtel escalates row, reiterates Tejas' equipment 'sub-standard'",The Times of India
BHARTIARTL,2025-11-25T16:27:25Z,Ahead of Market: 10 things that will decide stock market action on Wednesday,The Times of India
BHARTIARTL,2025-11-25T15:43:13Z,Mittal-led promoter entity to sell 0.6% stake in Bharti Airtel via bulk deal,Livemint
BHARTIARTL,2025-11-25T12:56:38Z,"Bharti Airtel promoter to sell Rs 7,200 crore stake via block deal",The Times of India
BHARTIARTL,2025-11-25T10:17:00Z,"Market Wrap: Sensex slips 314 points, Nifty ends below 25,900 on monthly derivative expiry; PSU Bank stocks shine",The Times of India
BHARTIARTL,2025-11-25T00:41:00Z,Interview: IBM on breaking hyperscaler lock-in,ComputerWeekly.com
BHARTIARTL,2025-11-24T19:06:16Z,"Interference due to BSNL Network, Tejas tells Airtel",The Times of India
BHARTIARTL,2025-11-24T05:05:14Z,35 stocks to buy from 11 sectors: All high conviction picks from Axis Securities put together after Q2,Economictimes.com
BHARTIARTL,2025-11-24T04:13:42Z,Rs 4.4 lakh crore rally! Reliance Industries shares surge 26% in 2025. What's fueling Ambani's unstoppable run?,The Times of India
BHARTIARTL,2025-11-21T03:30:00Z,India’s telecom sector enters multi-year growth cycle; upstream oil stocks back in favour: JM Financial,The Times of India
BHARTIARTL,2025-11-20T15:30:48Z,Ahead of Market: 10 things that will decide stock market action on Friday,The Times of India
BHARTIARTL,2025-11-19T15:52:45Z,Ahead of Market: 10 things that will decide stock market action on Thursday,The Times of India
BHARTIARTL,2025-11-19T11:46:35Z,"Bharti Airtel, Hero MotoCorp among 8 stocks that hit 52-week highs; gains up to 20% in a month",Economictimes.com
BHARTIARTL,2025-11-19T04:39:16Z,"Slowly, but surely! 6 brokers see earnings improving ahead after Q2 results. 50 stocks to buy",The Times of India
BHARTIARTL,2025-11-19T03:32:47Z,Bharti Airtel among 5 stocks that witnessed 5-year swing high breakout,Economictimes.com
BHARTIARTL,2025-11-19T01:02:48Z,"Stock Market Highlights 19 Nov 2025: Stock markets rebound on buying in IT counter; Sensex jumps over 513 points, NIfty 50 climbed 142.60 points to 26,052.65",BusinessLine
BHARTIARTL,2025-11-19T00:08:43Z,GQG Partners raises stakes in 5 Adani Group companies,The Times of India
BHARTIARTL,2025-11-18T15:40:03Z,Ahead of Market: 10 things that will decide stock market action on Wednesday,The Times of India
BHARTIARTL,2025-11-18T02:28:24Z,"Five Stocks To Buy: Airtel, HUDCO, KEI Industries, Marico, Siemens",Ndtvprofit.com
BHARTIARTL,2025-11-18T00:59:54Z,"Share Market Highlights 18 November 2025: Stock markets halt 6-day rally; Nifty ends below 26,000-mark on profit taking, Sensex dropped by nearly 278 points",BusinessLine
BHARTIARTL,2025-11-17T19:12:15Z,"Bharti Airtel gets S&P upgrade backed by strong Q2 earnings, cash flow",The Times of India
BHARTIARTL,2025-11-17T15:41:02Z,Ahead of Market: 10 things that will decide stock market action on Tuesday,The Times of India
BHARTIARTL,2025-11-17T04:15:54Z,"Motilal’s stocks to buy post Q2: Suzlon, Airtel, Adani Ports offer up to 28% return potential",Economictimes.com
BHARTIARTL,2025-11-17T00:58:34Z,"Share Market Highlights 17 November 2025: Financials, mid-caps lift markets; Sensex up 0.46%, Nifty up 0.4%",BusinessLine
BHARTIARTL,2025-11-15T15:43:38Z,Technology funds outsmart IT index and broader market,BusinessLine
BHARTIARTL,2025-11-15T11:27:09Z,SBI Mutual Fund: RIL and ITC among top 10 holdings in October,Economictimes.com
ICICIBANK,2025-12-14T07:48:46Z,"Mutual Funds Bought Zomato, ITC, HDFC Bank, Nykaa; Sold GMR Airports, SBI In November",Ndtvprofit.com
ICICIBANK,2025-12-13T16:28:10Z,ICICI Prudential AMC: Should you invest in the IPO?,BusinessLine
ICICIBANK,2025-12-13T09:06:08Z,"Where valuations still make sense: ICICI Pru's Vaibhav Dusad on IT, banks and select contrarian bets",The Times of India
ICICIBANK,2025-12-12T11:40:52Z,"ICICI Prudential AMC IPO Day 1: Issues sees over 50% subscription. Check GMP, brokerage views & key highlights",The Times of India
ICICIBANK,2025-12-12T10:29:06Z,"Nifty may reach 30,000 in 2026, ICICI Direct says, bets on Bajaj Finserv, IOL, and 7 other stocks",The Times of India
ICICIBANK,2025-12-12T06:54:14Z,ICICI Pru AMC IPO: 7.4% GMP signals strong investor appetite as issue opens for bidding today,The Times of India
ICICIBANK,2025-12-12T04:29:07Z,10 stocks created Rs 46 lakh crore wealth for investors in last 5 years. Do you own any?,Economictimes.com
ICICIBANK,2025-12-12T04:08:09Z,"IPO gold rush: Promoters, early investors cash out over Rs 1 lakh crore in record 2025 selling spree",The Times of India
ICICIBANK,2025-12-12T02:36:56Z,"ICICI Prudential AMC garners ₹3,022 crore from anchor investors; IPO to open today",BusinessLine
ICICIBANK,2025-12-12T00:49:10Z,Is ICICI Pru AMC’s IPO a compelling bet for investors with a high-risk appetite and a long-term horizon?,The Times of India
ICICIBANK,2025-12-11T12:18:45Z,Motilal Oswal names 30 potential multibagger stocks in India's journey to $16 trillion economy,The Times of India
ICICIBANK,2025-12-11T12:11:06Z,Airtel leads as India's stock market creates Rs 148 lakh crore wealth in 5 years: Motilal Oswal study,The Times of India
ICICIBANK,2025-12-11T08:51:40Z,CNBC's Inside India newsletter: India's $3.3 trillion opportunity for global fund houses,CNBC
ICICIBANK,2025-12-11T04:30:22Z,Prudential sells 4.5% stake in Indian asset management JV for $545 million ahead of IPO,BusinessLine
ICICIBANK,2025-12-11T04:15:49Z,Prudential sells 4.5% stake in Indian asset management JV for $545 million ahead of IPO,The Times of India
ICICIBANK,2025-12-11T01:30:53Z,Amazon ups India ante; Swiggy QIP in demand,The Times of India
ICICIBANK,2025-12-11T00:46:57Z,Large caps set to deliver; annual market returns could be 12-14%: Raamdeo Agrawal,The Times of India
ICICIBANK,2025-12-10T15:32:48Z,Ahead of Market: 10 things that will decide stock market action on Thursday,The Times of India
ICICIBANK,2025-12-10T05:33:05Z,Edelweiss to tap small-town India in race to capture new wealth,Bloomberg
ICICIBANK,2025-12-10T05:19:13Z,Jefferies adds 6 stocks for 2026 in latest portfolio revamp. How many do you own?,Economictimes.com
ICICIBANK,2025-12-10T05:01:54Z,"Record high for Nifty, but 3 out of 5 stocks nowhere near record high. What’s the play for investors?",The Times of India
ICICIBANK,2025-12-10T01:32:33Z,Microsoft’s India power play; Insurers’ Fastag ambitions,The Times of India
ICICIBANK,2025-12-09T16:03:36Z,Ahead of Market: 10 things that will decide stock market action on Wednesday,The Times of India
ICICIBANK,2025-12-09T08:43:07Z,"Dharmesh Shah sees strong support at 25,500–25,700; expects Nifty to rebound towards 26,100 soon",The Times of India
ICICIBANK,2025-12-09T06:33:38Z,"Jefferies revamps 2026 portfolio: Cuts Indigo; adds BPCL, Axis Bank, 4 other stocks",The Times of India
ICICIBANK,2025-12-09T02:22:58Z,"'Laggards Everywhere': Jefferies Resets Portfolio; Backs Axis Bank, JSW Energy And More - Check Stock Picks",Ndtvprofit.com
ICICIBANK,2025-12-09T01:07:36Z,"Stock Market Highlights 9 December 2025: Sensex ended 436.41 pts or 0.51% lower at 84,666.28, and Nifty 50 fell by 120.90 pts or 0.47% to 25,839.65.",BusinessLine
ICICIBANK,2025-12-09T00:14:40Z,"ICICI Pru AMC IPO price band fixed at Rs 2,061-Rs 2,165, issue opens Dec 12",The Times of India
ICICIBANK,2025-12-08T20:08:21Z,Here's How Much You Would Have Made Owning ICICI Bank Stock In The Last 5 Years,Biztoc.com
ICICIBANK,2025-12-08T15:21:00Z,Co-branded Credit Card Market - Global Forecast 2025-2032,GlobeNewswire
ICICIBANK,2025-12-08T05:35:39Z,This smallcap penny stock is locked in 20% upper circuit on Birla Group’s exit. Do you own?,The Times of India
ICICIBANK,2025-12-08T04:04:58Z,"Sensex, Nifty subdued as D-Street stays cautious ahead of Fed call",The Times of India
ICICIBANK,2025-12-07T04:34:17Z,"Rupee trajectory and Rs 10,600-cr ICICI Pru AMC IPO among 7 key triggers for D-Street this week",The Times of India
ICICIBANK,2025-12-06T16:17:19Z,Can value funds deliver in a growth & quality driven market?,BusinessLine
ICICIBANK,2025-12-06T11:28:25Z,"ICICI Prudential AMC sets Rs 2,061–2,165 price band for its Rs 10,603 crore IPO",The Times of India
ICICIBANK,2025-12-06T11:10:42Z,"ICICI Prudential AMC IPO price band fixed at ₹2,061-₹2,165 a share",BusinessLine
ICICIBANK,2025-12-06T10:11:42Z,F&O Talk | Heavyweights shield Nifty from deep cuts: Sudeep Shah,The Times of India
ICICIBANK,2025-12-06T09:02:16Z,"F&O Talk | RBI's 25 bps cut lifts Nifty, but weekly charts show negative closing: Sudeep Shah",The Times of India
ICICIBANK,2025-12-06T00:30:00Z,OneCard stops issuing new credit cards as RBI seeks clarifications from partner banks,The Times of India
ICICIBANK,2025-12-05T22:00:02Z,"Corpay, Inc. (CPAY): A Bull Case Theory",Yahoo Entertainment
ICICIBANK,2025-12-03T15:59:25Z,Ahead of Market: 10 things that will decide stock market action on Thursday,The Times of India
ICICIBANK,2025-12-03T07:49:58Z,"Sensex, Nifty tumble as caution builds before RBI MPC outcome; PSU Bank index down 3%, IT stocks hold firm",BusinessLine
ICICIBANK,2025-12-03T04:56:33Z,Apis India 24:1 bonus shares: Company sets record date on Friday,The Times of India
ICICIBANK,2025-12-03T04:47:03Z,AU SFB's 64% returns makes it a Nifty Bank champion. Why analysts still back it as a tech play & long-term bet,The Times of India
ICICIBANK,2025-12-03T01:34:16Z,"Share Market Highlights: Sensex, Nifty end flat; rupee hits record closing low",BusinessLine
ICICIBANK,2025-12-03T00:42:32Z,"FIs exit Meesho anchor allotment, allege unfair SBI MF allocation in IPO",The Times of India
ICICIBANK,2025-12-03T00:08:44Z,"Union, Yes Bank set to enter Bank Nifty as index expands",The Times of India
ICICIBANK,2025-12-02T16:56:09Z,ICICI Bank's 'Baa3' rating reaffirmed by Moody's on strong financials,Livemint
ICICIBANK,2025-12-02T16:54:44Z,Aequs IPO: Co raises Rs 414 cr from 33 anchor investors including Mukul Agrawal-backed Sanshi,The Times of India
ICICIBANK,2025-12-02T16:54:03Z,"Meesho IPO Draws Rs 2,400 Crore From BlackRock, Fidelity, Others In Anchor Round",Ndtvprofit.com
ICICIBANK,2025-12-02T15:43:22Z,Ahead of Market: 10 things that will decide stock market action on Wednesday,The Times of India
ICICIBANK,2025-12-02T15:05:49Z,"RBI says SBI, HDFC, ICICI remain as systemically important banks",The Times of India
ICICIBANK,2025-12-02T12:37:26Z,"Nifty Bank Rejig: Yes Bank, Union Bank Of India To Join Index From Dec 31 - Check Expected Inflows",Ndtvprofit.com
ICICIBANK,2025-12-02T11:58:34Z,"Sensex crashes 504 points as FIIs dump ₹6,000 crore; Rupee hits all-time low – Asian News Hub",Asiannewshub.com
ICICIBANK,2025-12-02T08:53:03Z,"Nifty set for fresh uptrend, says Motilal Oswal. Here are 4 catalysts, 25 stocks to buy",The Times of India
ICICIBANK,2025-12-02T07:25:56Z,"Sensex falls over 440 pts, Nifty at 26,000 level; media & financials lead market fall",BusinessLine
ICICIBANK,2025-12-02T06:48:04Z,NSE revises Nifty Bank Index: Adds Yes Bank and Union Bank in major revamp,BusinessLine
ICICIBANK,2025-12-02T05:11:37Z,"Nifty To Hit 29,300 In 2026, Says Nomura As It Lists Top 20 Stock Picks - Details Inside",Ndtvprofit.com
ICICIBANK,2025-12-02T03:57:54Z,"Sensex drops over 150 pts, Nifty below 26,200 as D-Street pauses record run",The Times of India
ICICIBANK,2025-12-02T01:00:00Z,"Top Business & Market Headlines Today — BL Morning Report, Dec 02, 2025",BusinessLine
ICICIBANK,2025-12-02T00:20:09Z,"ICICI Pru AMC, 3 others get IPO approval from Sebi",The Times of India
ICICIBANK,2025-12-01T14:25:43Z,"ICICI Prudential AMC, Powerica, 2 others secure Sebi nods to launch IPOs",The Times of India
ICICIBANK,2025-12-01T04:04:49Z,"Sensex, Nifty hit new highs as D-Street cheers Q2 GDP print; banking index scales 60K level",The Times of India
ICICIBANK,2025-12-01T03:20:58Z,India’s largest bank SBI sees shares soar 25% in 2025. Can it continue to deliver in 2026?,The Times of India
ICICIBANK,2025-12-01T03:13:52Z,December to see positive start for Indian markets,BusinessLine
ICICIBANK,2025-12-01T03:01:44Z,"Over a dozen stocks including ICICI Bank, Paytm, DroneAcharya, Hind Unilever, MTNL, GRSE, Cyient, Dalmia Cement, Cipla, Voltas, Tega Ind, Neogen Chem, Ceinsys Tech, Quick Heal will hog the limelight on December 1",BusinessLine
ICICIBANK,2025-12-01T00:30:00Z,All You Need To Know Going Into Trade On Monday,Ndtvprofit.com
ICICIBANK,2025-12-01T00:14:08Z,"Will Nifty extend its rally towards 26,500–26,800 this week?",The Times of India
ICICIBANK,2025-11-30T11:10:01Z,Ahead of Market: 10 things that will decide stock market action on Monday,The Times of India
ICICIBANK,2025-11-28T01:31:12Z,Analysts see bullish trend intact as Nifty hits record high. What should investors do?,The Times of India
ICICIBANK,2025-11-28T01:11:44Z,"D-Street scales new peaks after 14 months as FPI selling cools, US-India deal eyed",The Times of India
ICICIBANK,2025-11-27T15:42:35Z,Ahead of Market: 10 things that will decide stock market action on Friday,The Times of India
ICICIBANK,2025-11-27T12:37:15Z,"ICICI Prudential Asset to launch IPO in 2nd week of December, sources say",The Times of India
ICICIBANK,2025-11-27T10:21:48Z,"Market Wrap: Sensex edges up 111 pts, Nifty holds above 26,215 as D-St closes just shy of record highs",The Times of India
ICICIBANK,2025-11-27T07:33:50Z,"Sensex, Nifty 50 ease after record highs; midcaps, smallcaps and several sectoral indices in red",BusinessLine
ICICIBANK,2025-11-27T05:39:15Z,"Sensex, Nifty Hit Record Highs: Eicher Motors, Bharat Electronics Lead Gains - Check Top Contributors",Ndtvprofit.com
ICICIBANK,2025-11-26T18:42:45Z,"ICICI, Canara likely to raise Rs 7,500 crore",The Times of India
ICICIBANK,2025-11-26T13:19:39Z,Reliance Industries' market valuation hits Rs 21 lakh crore mark as stock hits 52-week high,The Times of India
ICICIBANK,2025-11-26T11:14:17Z,"Prabhudas Lilladher hikes Nifty's 12-month target to 29,094 on 5 tailwinds. Picks HAL, ICICI and 16 more stocks to buy",The Times of India
ICICIBANK,2025-11-26T04:40:29Z,"MCX shares cross Rs 10,000 for the first time. What’s fuelling the rally?",The Times of India
ICICIBANK,2025-11-25T16:27:25Z,Ahead of Market: 10 things that will decide stock market action on Wednesday,The Times of India
ICICIBANK,2025-11-25T15:28:06Z,"What are sectoral mutual funds? Strategy, concentration risk and overlap explained",Livemint
ICICIBANK,2025-11-25T10:17:00Z,"Market Wrap: Sensex slips 314 points, Nifty ends below 25,900 on monthly derivative expiry; PSU Bank stocks shine",The Times of India
ICICIBANK,2025-11-25T03:57:25Z,"Sensex off to a flat start, Nifty below 26,000 as IT, oil & gas stocks fall",The Times of India
ICICIBANK,2025-11-24T08:55:06Z,Markets hold firm as monthly expiry nears; Union Bank and Adani Port among top picks: Dharmesh Shah,The Times of India
ICICIBANK,2025-11-24T01:57:12Z,Sensex Today | Stock Market LIVE Updates: GIFT Nifty signals a positive start; Asian shares trade higher,Economictimes.com
ICICIBANK,2025-11-21T10:23:16Z,"Market Wrap: Sensex slides 401 pts, Nifty slips below 26,100 as profit-taking kicks in near record levels",The Times of India
ICICIBANK,2025-11-21T07:22:04Z,"Nvidia results signal strong AI spending, but questions on returns grow: Jefferies",BusinessLine
ICICIBANK,2025-11-21T04:34:23Z,Stock markets fall in early trade dragged by weak global peers,BusinessLine
ICICIBANK,2025-11-21T03:58:17Z,"Sensex slips over 100 pts, Nifty below 26,150 as global selloff & soft US jobs data hit sentiment",The Times of India
ICICIBANK,2025-11-20T15:30:48Z,Ahead of Market: 10 things that will decide stock market action on Friday,The Times of India
ICICIBANK,2025-11-20T11:11:54Z,NHAI launches Raajmarg Infra Investment Managers for highway monetization,The Times of India
ICICIBANK,2025-11-19T15:52:45Z,Ahead of Market: 10 things that will decide stock market action on Thursday,The Times of India
ICICIBANK,2025-11-19T11:57:10Z,Broker’s call: Axis Bank (Buy),BusinessLine
ICICIBANK,2025-11-19T04:39:16Z,"Slowly, but surely! 6 brokers see earnings improving ahead after Q2 results. 50 stocks to buy",The Times of India
ICICIBANK,2025-11-19T01:02:48Z,"Stock Market Highlights 19 Nov 2025: Stock markets rebound on buying in IT counter; Sensex jumps over 513 points, NIfty 50 climbed 142.60 points to 26,052.65",BusinessLine
ICICIBANK,2025-11-18T11:24:03Z,WestBridge in no rush to exit as portfolio firms make public market debuts: Managing partner Sandeep Singhal,The Times of India
ICICIBANK,2025-11-18T06:49:26Z,"Narayana Murthy, Nirmala Sitharaman, Nawab Malik: How cyber criminals weaponise big names with deepfakes, documents",The Indian Express
ICICIBANK,2025-11-18T04:21:14Z,"Corporate India fires on all cylinders: Banks, autos, FMCG show strong momentum: Parag Thakkar, Fort Capital",The Times of India
ICICIBANK,2025-11-17T02:39:12Z,Kotak Mahindra Bank shares in focus as board considers first stock split in 15 years. Check details,The Times of India
